<?xml version="1.0" encoding="UTF-8"?>
<beans xmlns="http://www.springframework.org/schema/beans"
	xmlns:xsi="http://www.w3.org/2001/XMLSchema-instance"
	xmlns:context="http://www.springframework.org/schema/context"
	xmlns:p="http://www.springframework.org/schema/p"
	xmlns:tx="http://www.springframework.org/schema/tx"
	xmlns:mybatis-spring="http://mybatis.org/schema/mybatis-spring"
	xmlns:aop="http://www.springframework.org/schema/aop"
	xsi:schemaLocation="http://mybatis.org/schema/mybatis-spring http://mybatis.org/schema/mybatis-spring.xsd
		http://www.springframework.org/schema/beans http://www.springframework.org/schema/beans/spring-beans.xsd
		http://www.springframework.org/schema/context http://www.springframework.org/schema/context/spring-context.xsd
		http://www.springframework.org/schema/aop http://www.springframework.org/schema/aop/spring-aop.xsd
		http://www.springframework.org/schema/tx http://www.springframework.org/schema/tx/spring-tx.xsd">
	
	<!-- Root Context: defines shared resources visible to all other web components -->
	<!-- <bean id="dataSource"
		 class="org.springframework.jdbc.datasource.SimpleDriverDataSource">
		 <property name="driverClass" value="com.mysql.cj.jdbc.Driver" />
		 <property name="url" value="jdbc:mysql://localhost:3306/webprojecthale?useSSL=false&serverTimezone=UTC;" />
		 <property name="username" value="webpageHale" />
		 <property name="password" value="webpageHale" />
	 </bean> -->
	 
	<!-- DBCP -->
 	<bean id="dataSourceDBCP"
		class="org.apache.commons.dbcp2.BasicDataSource"
		destroy-method="close" 
		p:driverClassName="com.mysql.cj.jdbc.Driver"
		p:url="jdbc:mysql://localhost:3306/webprojecthale?useSSL=false&amp;serverTimezone=UTC" 
		p:username="webpageHale"
		p:password="webpageHale" 
		p:maxTotal="10" 
		p:maxIdle="5" 
		p:maxWaitMillis="-1" />
		
	<!-- myBatis -->
	<bean id="sqlSessionFactory"
		  class="org.mybatis.spring.SqlSessionFactoryBean">
		<property name="dataSource" ref="dataSourceDBCP" />
		<property name="typeAliasesPackage"
			value="com.seol.webpageHaleMaven.entity" />
		<property name="mapperLocations"
			value="classpath:/mapper/*.xml" />	
		<property name="configuration">
			<bean class="org.apache.ibatis.session.Configuration">
				<property name="mapUnderscoreToCamelCase" value="true" />
			</bean>
		</property>
		
		<!-- MyBatis date format 문제 해결 -->
		<property name="typeHandlersPackage" 
			value="com.seol.webpageHaleMaven.typehandler" /> 
	</bean>

	<bean id="sqlSession"
		  class="org.mybatis.spring.SqlSessionTemplate">
		<constructor-arg name="sqlSessionFactory"
					     ref="sqlSessionFactory" />
	</bean>		
	
	<!-- MyBatis -->
    <!-- <bean id="transactionManagerMyBatis"
          class="org.springframework.jdbc.datasource.DataSourceTransactionManager">
         <property name="dataSource" ref="dataSourceDBCP" />
    </bean> -->
     
    <!-- <tx:jta-transaction-manager /> -->
    
    <!-- @Transactional -->
   	<!-- <tx:annotation-driven transaction-manager="transactionManagerMyBatis" /> -->
	
	<context:annotation-config />
    
    <context:component-scan base-package="com.seol.webpageHaleMaven" />
    
    <!-- AOP ready -->
   <!--  <aop:aspectj-autoproxy /> -->
    
   
    <!-- <bean id="transactionTemplate"
          class="org.springframework.transaction.support.TransactionTemplate"
          p:transactionManager-ref="transactionManagerMyBatis" /> -->
		
</beans>